Raw_Channel_ID,Platform_ID,obs_std,obs_mean,obs_min,obs_max
1,-1,0.006021306479256463,0.004113416818592855,9.99999993922529e-09,0.0828777477145195
2,-1,24.040581924661886,237.75966260053028,171.33290100097656,322.6221618652344
3,-1,0.001796639343013556,0.0004967400106678111,1.0000000116860974e-07,0.026085082441568375
4,-1,51.69925682101712,983.1479345318987,200.0,1100.0
5,-1,0.005461665852510159,0.004603054301095736,0.0,0.06551100313663483
6,-1,27.571154926597,258.28742986188126,173.14999389648438,349.95001220703125
7,-1,14.89412603357212,7.152579155956843,-100.0,100.0
8,-1,10.19761780393707,0.21634765886519516,-100.0,100.0
